KGISWardID,KGISWardCode,LGD_WardCode,KGISWardNo,KGISWardName,KGISTownCode,LST_mean_C,NDVI_mean,NDBI_mean,NDWI_mean,valid_pixels
4878,2003001,1303139.0,1,Kempegowda Ward,2003,42.01,0.3125,-0.0499,-0.3662,12633
4879,2003002,1303140.0,2,Chowdeswari Ward,2003,41.3,0.3706,-0.0461,-0.4222,7676
4882,2003003,1303141.0,3,Someshwara Ward,2003,40.55,0.3861,-0.0765,-0.4307,4302
4883,2003004,1303142.0,4,Atturu Layout,2003,41.62,0.2692,0.001,-0.3404,5582
4886,2003005,1303143.0,5,Yelahanka Satellite Town,2003,40.43,0.3669,-0.0764,-0.414,4493
4910,2003017,1303155.0,17,Shettihalli,2003,36.87,0.3229,-0.0091,-0.3844,2006
4915,2003020,1303158.0,20,Mallasandra,2003,39.21,0.2658,0.0252,-0.3317,1168
4994,2003059,1302731.0,59,Mattikere,2003,41.58,0.2608,0.0005,-0.3172,1003
4995,2003060,1302732.0,60,Aramane Nagara,2003,39.62,0.4416,-0.1101,-0.4587,8314
4998,2003061,1302733.0,61,Malleswaram,2003,41.01,0.363,-0.0474,-0.3912,2009
4950,2003037,1302709.0,37,Chanakya,2003,42.58,0.2086,0.0381,-0.271,596
4958,2003041,1302713.0,41,Peenya,2003,43.49,0.2956,0.0181,-0.3386,3183
4922,2003023,1302695.0,23,Nelagadderanahalli,2003,42.67,0.2739,0.0383,-0.3235,4792
4982,2003053,1302725.0,53,Nandini Layout,2003,41.01,0.338,-0.0465,-0.37,1055
4975,2003050,1302722.0,50,Marappana Palya,2003,42.68,0.2846,0.0068,-0.3272,2116
4999,2003062,1302734.0,62,Subramanya Nagar,2003,40.62,0.2618,-0.0151,-0.3087,1051
5003,2003064,1302736.0,64,Kadu Malleshwara,2003,40.63,0.3227,-0.042,-0.3666,1524
5006,2003065,1302737.0,65,Rajamahal Guttahalli,2003,40.92,0.3133,-0.0396,-0.3571,795
5114,2003119,1302791.0,119,New Bayappanahalli,2003,40.84,0.435,-0.0819,-0.4693,4068
5139,2003132,1302804.0,132,Dattatreya Temple,2003,42.11,0.2628,0.002,-0.3115,789
5143,2003134,1302806.0,134,Subhash Nagar,2003,42.51,0.3132,-0.0303,-0.3443,1463
5002,2003063,1302735.0,63,Gayithri Nagar,2003,41.54,0.2306,0.0171,-0.2835,721
4927,2003026,1302698.0,26,Hegganahalli,2003,44.28,0.2272,0.05,-0.2899,1661
4930,2003027,1302699.0,27,Sunkadakatte,2003,43.86,0.2148,0.0541,-0.2766,1387
4966,2003045,1302717.0,45,Vijayanagara Krishnadevaraya,2003,42.99,0.3044,0.0003,-0.3496,3287
4987,2003056,1302728.0,56,Shankar Matt,2003,41.51,0.2467,-0.0059,-0.297,833
4990,2003057,1302729.0,57,Shakthi Ganapathi Nagar,2003,41.59,0.2368,0.0079,-0.2874,749
4991,2003058,1302730.0,58,Vrisabhavathi Nagar,2003,43.28,0.1908,0.0542,-0.2454,869
5166,2003145,1302817.0,145,Kamakshipalya,2003,41.64,0.2674,-0.014,-0.3155,1106
5163,2003144,1302816.0,144,Basaveshwara Nagar,2003,41.33,0.2865,-0.0277,-0.3331,933
5162,2003143,1302815.0,143,Shivanagara,2003,41.5,0.2694,-0.0154,-0.3123,810
5158,2003141,1302813.0,141,Rajaji Nagar,2003,41.45,0.293,-0.017,-0.3304,933
5159,2003142,1302814.0,142,Sriramamandir,2003,41.81,0.2874,-0.0193,-0.3304,1174
5155,2003140,1302812.0,140,Prakash Nagar,2003,41.25,0.2931,-0.0183,-0.3293,622
5154,2003139,1302811.0,139,Dayananda Nagar,2003,42.14,0.2261,0.0278,-0.2805,503
5146,2003135,1302807.0,135,Okalipuram,2003,42.16,0.2997,-0.0108,-0.3356,908
5142,2003133,1302805.0,133,Gandhinagar,2003,42.29,0.2931,-0.0132,-0.3304,2136
5135,2003130,1302802.0,130,Bharathi Nagar,2003,41.71,0.2758,0.0088,-0.3241,739
5138,2003131,1302803.0,131,Ulsoor,2003,41.28,0.3157,-0.0355,-0.3644,2063
5115,2003120,1302792.0,120,Hoysala Nagar,2003,40.62,0.3594,-0.0546,-0.3984,1728
5126,2003125,1302797.0,125,Konena Agrahara,2003,42.5,0.2501,0.0065,-0.314,995
5151,2003138,1302810.0,138,Chickpete,2003,42.31,0.1689,0.0697,-0.2286,789
5150,2003137,1302809.0,137,Cottonpete,2003,42.8,0.2707,0.0055,-0.3158,846
5147,2003136,1302808.0,136,Binnipete,2003,42.95,0.2227,0.0384,-0.2749,860
4942,2003033,1302705.0,33,Kengeri,2003,42.61,0.3323,-0.0269,-0.3787,2849
6926,2003210,,210,Basavanagudi,2003,41.1,0.2793,-0.0171,-0.3273,1238
6927,2003212,,212,Srinivasa Nagar,2003,42.03,0.234,0.0049,-0.2901,796
6928,2003213,,213,Srinagar,2003,41.68,0.2342,0.0018,-0.2877,935
6929,2003214,,214,Girinagar,2003,40.97,0.292,-0.0352,-0.3393,1565
4943,2003034,1302706.0,34,Bande Mutt,2003,43.79,0.3302,0.0007,-0.3863,7537
6930,2003243,,243,Kudlu,2003,43.2,0.2917,0.0078,-0.3466,3707
5087,2003106,1302778.0,106,Hudi,2003,43.37,0.2577,0.0155,-0.3225,10006
5106,2003115,1302787.0,115,Bellanduru,2003,41.81,0.3258,-0.0315,-0.3769,10553
5103,2003114,1302786.0,114,Marathahalli,2003,43.28,0.2209,0.0397,-0.2919,4719
5090,2003107,1302779.0,107,Garudachar Playa,2003,42.92,0.253,0.0194,-0.3093,2579
5119,2003122,1302794.0,122,New Thippasandra,2003,41.34,0.346,-0.0514,-0.3805,2919
5122,2003123,1302795.0,123,Jalakanteshwara Nagara,2003,42.0,0.2213,-0.0028,-0.28,1626
4978,2003051,1302723.0,51,Nagapura,2003,40.69,0.2956,-0.029,-0.3383,1902
4983,2003054,1302726.0,54,Jai Maruthinagara,2003,41.56,0.2524,-0.0108,-0.2952,662
4986,2003055,1302727.0,55,Puneet Rajkumar,2003,41.7,0.2341,-0.0015,-0.2804,736
5134,2003129,1302801.0,129,Sampangiram Nagar,2003,39.56,0.4404,-0.1206,-0.4504,3937
5118,2003121,1302793.0,121,Old Thippasandra,2003,40.31,0.3686,-0.0676,-0.405,2298
5123,2003124,1302796.0,124,Jeevanbhima Nagar,2003,40.11,0.408,-0.0826,-0.4307,2743
4955,2003040,1302712.0,40,Veeramadakari,2003,40.91,0.3994,-0.0504,-0.4317,5549
5062,2003093,1302765.0,93,HAL Airport,2003,44.51,0.3413,0.0059,-0.3904,8099
4959,2003042,1302714.0,42,Lakshmi Devi Nagar,2003,43.36,0.2447,0.0458,-0.3015,896
4938,2003031,1302703.0,31,Doddagollarahatti,2003,43.56,0.3001,0.0218,-0.3674,8190
4939,2003032,1302704.0,32,Ullal,2003,43.07,0.328,-0.0094,-0.3826,5720
4918,2003021,1303159.0,21,T Dasarahalli,2003,37.87,0.2343,0.0331,-0.2897,903
4919,2003022,1303160.0,22,Chokkasandra,2003,38.84,0.2682,0.0223,-0.3182,696
4923,2003024,1302696.0,24,Rajagopal Nagar,2003,42.97,0.2694,0.0275,-0.3143,2068
4926,2003025,1302697.0,25,Rajeshwari Nagar,2003,44.0,0.2408,0.0337,-0.3028,1342
4962,2003043,1302715.0,43,Ranadheera Kanteerava,2003,42.94,0.2199,0.0275,-0.2754,1149
4963,2003044,1302716.0,44,Veera Sindhura Lakshamana,2003,43.37,0.2343,0.0416,-0.2964,1543
4967,2003046,1302718.0,46,Sir M. Vishweshwaraiah,2003,44.03,0.2676,0.0247,-0.3275,4056
4970,2003047,1302719.0,47,Nalvadi Krishnaraja Wadior Park,2003,42.5,0.2815,0.0025,-0.3431,3783
4947,2003036,1302708.0,36,Chatrapati Shivaji,2003,42.54,0.2851,0.0077,-0.3303,1909
4971,2003048,1302720.0,48,Jnana Bharathi,2003,41.84,0.3836,-0.0354,-0.4188,11055
4974,2003049,1302721.0,49,Rajarajeshwari Nagar,2003,42.21,0.3379,-0.0218,-0.3908,8376
5110,2003117,1302789.0,117,C V Raman Nagar,2003,41.02,0.3649,-0.0594,-0.3988,3372
5111,2003118,1302790.0,118,Lal Bahadur Nagar,2003,41.68,0.3624,-0.0306,-0.4063,4203
6931,2003211,,211,Hanumanth Nagar,2003,40.87,0.323,-0.0638,-0.353,1300
4979,2003052,1302724.0,52,Mahalakshimpuram,2003,41.3,0.2996,-0.0335,-0.3389,1041
6932,2003216,,216,Vidyapeeta ward,2003,41.6,0.2705,-0.0216,-0.3205,951
6933,2003215,,215,Katriguppe,2003,41.1,0.2481,-0.0104,-0.304,1072
6934,2003224,,224,Anjanapura,2003,44.13,0.3457,0.0079,-0.4046,12454
5238,2003181,1302853.0,181,Shantala Nagar,2003,40.35,0.3706,-0.07,-0.4012,4594
6935,2003200,,200,Yediyur,2003,40.24,0.3023,-0.0456,-0.337,1289
5210,2003167,1302839.0,167,Jagajivanaram Nagar,2003,42.18,0.3161,-0.0207,-0.3509,755
6936,2003218,,218,Subramanyapura,2003,42.08,0.3535,-0.0102,-0.4056,9691
6937,2003229,,229,Ibluru,2003,42.26,0.295,0.0351,-0.3471,3798
6938,2003228,,228,Naganathapura,2003,44.19,0.2657,0.0255,-0.3357,5413
5018,2003071,1302743.0,71,Chamundi Nagara,2003,41.76,0.2231,0.029,-0.2811,739
6939,2003239,,239,Hulimavu,2003,42.29,0.322,-0.019,-0.3737,5222
5214,2003169,1302841.0,169,Devaraj Urs Nagar,2003,43.8,0.2099,0.0611,-0.2535,506
6940,2003241,,241,Puttenahalli - Sarakki Lake,2003,40.87,0.1858,-0.0323,-0.2192,1490
5234,2003179,1302851.0,179,Jogupalya,2003,41.26,0.2942,-0.0236,-0.35,1317
5231,2003178,1302850.0,178,Domlur,2003,40.79,0.3673,-0.0646,-0.4077,2518
6941,2003222,,222,RBI layout,2003,41.12,0.3055,-0.0366,-0.3507,2036
5198,2003161,1302833.0,161,Attiguppe,2003,41.1,0.2939,-0.0322,-0.3388,1566
5195,2003160,1302832.0,160,Bapuji Nagar,2003,43.14,0.1999,0.0511,-0.2486,508
4954,2003039,1302711.0,39,Kanneshwara Rama,2003,40.22,0.4302,-0.0856,-0.4543,2519
5211,2003168,1302840.0,168,Padarayanapura,2003,43.17,0.2535,0.0349,-0.2966,565
6942,2003220,,220,Yelachenahalli,2003,42.46,0.2312,0.0202,-0.2833,1128
4951,2003038,1302710.0,38,J P Park,2003,42.33,0.2993,-0.0151,-0.3558,1524
5207,2003166,1302838.0,166,Chalavadipalya,2003,43.8,0.265,0.0166,-0.307,491
6943,2003236,,236,Devarachikkanahalli,2003,43.29,0.2285,0.0272,-0.2895,1989
5190,2003157,1302829.0,157,Vijayanagar,2003,42.0,0.2363,0.0032,-0.2827,605
6944,2003231,,231,Mangammanapalya,2003,43.66,0.1955,0.0466,-0.2573,1183
6945,2003221,,221,Konanakunte,2003,42.49,0.3459,-0.0194,-0.3916,5017
6946,2003238,,238,Arakere,2003,42.31,0.2743,-0.0042,-0.3305,2583
6947,2003242,,242,Jaraganahalli,2003,42.4,0.2272,0.0252,-0.2812,834
6948,2003223,,223,Chunchaghatta,2003,42.12,0.2961,-0.0209,-0.3518,3297
6949,2003230,,230,Agara,2003,41.17,0.2777,-0.0413,-0.3176,4027
6950,2003205,,205,Vikram Nagar,2003,41.38,0.3144,-0.0487,-0.3572,1392
6951,2003225,,225,Gottigere,2003,42.93,0.3161,-0.0008,-0.3701,5291
6952,2003201,,201,Umamaheshwara Ward,2003,40.7,0.3046,-0.0357,-0.3453,1390
6953,2003204,,204,Kumaraswamy Layout,2003,41.55,0.2815,-0.0155,-0.3271,1126
5187,2003156,1302828.0,156,Kempapura Agrahara,2003,42.91,0.1853,0.0534,-0.2391,375
5250,2003187,1302859.0,187,Adugodi,2003,41.25,0.3527,-0.0584,-0.3857,2308
5071,2003098,1302770.0,98,Kacharkanahalli,2003,42.49,0.251,0.0158,-0.3098,1814
5246,2003185,1302857.0,185,Ejipura,2003,41.92,0.2221,0.0321,-0.2828,1174
5074,2003099,1302771.0,99,HRBR Layout,2003,41.61,0.2752,-0.0139,-0.3274,2322
5023,2003074,1302746.0,74,Kaval Bairasandra,2003,41.38,0.3612,-0.0495,-0.3994,2335
5227,2003176,1302848.0,176,Someshwara Nagar,2003,41.14,0.3609,-0.0641,-0.3913,1627
5226,2003175,1302847.0,175,Ashoka Pillar,2003,40.32,0.3566,-0.0663,-0.3888,1866
5251,2003188,1302860.0,188,Lakkasandra,2003,42.21,0.3581,-0.0574,-0.3892,1972
5230,2003177,1302849.0,177,Hombegowda Nagara,2003,42.19,0.2823,-0.0173,-0.3246,1210
5223,2003174,1302846.0,174,Vishveshwara Puram,2003,40.21,0.3668,-0.0865,-0.3834,2764
5075,2003100,1302772.0,100,Banasavadi,2003,41.98,0.2772,-0.0127,-0.3322,2914
5063,2003094,1302766.0,94,Hennur,2003,42.82,0.2646,0.0126,-0.323,3964
5035,2003080,1302752.0,80,Pulikeshinagar,2003,40.65,0.3523,-0.0585,-0.3891,2459
4899,2003012,1303150.0,12,Kodigehalli,2003,41.67,0.2923,-0.0094,-0.3526,2704
4891,2003008,1303146.0,8,Jakkuru,2003,42.38,0.2845,-0.0236,-0.3401,12934
4890,2003007,1303145.0,7,Thanisandra,2003,43.97,0.2711,0.0272,-0.3431,4575
4895,2003010,1303148.0,10,Kempapura,2003,42.08,0.3172,-0.0216,-0.3733,6499
4894,2003009,1303147.0,9,Amrutahalli,2003,42.62,0.2723,0.0089,-0.341,4394
5082,2003103,1302775.0,103,Maruthi Seva Nagar,2003,41.87,0.3394,-0.0346,-0.3878,1989
5270,2003197,1302869.0,197,Shakambari Nagar,2003,40.08,0.3449,-0.0664,-0.3821,2456
5034,2003079,1302751.0,79,Sagayarapuram,2003,42.07,0.2954,-0.0155,-0.347,890
5078,2003101,1302773.0,101,Kammanahalli,2003,42.85,0.2079,0.0363,-0.2743,909
5026,2003075,1302747.0,75,Kushal Nagar,2003,43.02,0.2167,0.0341,-0.2753,995
5079,2003102,1302774.0,102,Lingarajapura,2003,41.82,0.2745,-0.0068,-0.3292,1589
5070,2003097,1302769.0,97,Venkateshpura,2003,43.55,0.2088,0.0531,-0.2721,665
5030,2003077,1302749.0,77,Devara Jeevanahalli,2003,44.42,0.2215,0.0615,-0.285,456
5027,2003076,1302748.0,76,Muneshwara Nagar,2003,44.08,0.2056,0.0599,-0.2645,572
5031,2003078,1302750.0,78,S K Garden,2003,42.75,0.3361,0.0002,-0.3807,1062
5266,2003195,1302867.0,195,Tilak Nagar,2003,42.47,0.2579,0.0026,-0.3071,784
5263,2003194,1302866.0,194,Gurappanapalya,2003,42.42,0.191,0.037,-0.2531,761
5267,2003196,1302868.0,196,Byrasandra,2003,40.15,0.3449,-0.0677,-0.3794,2447
5258,2003191,1302863.0,191,Jakkasandra,2003,41.18,0.3346,-0.0386,-0.3777,1690
5254,2003189,1302861.0,189,Suddagunte Palya,2003,42.28,0.2657,0.0013,-0.3125,1648
5222,2003173,1302845.0,173,Sunkenahalli,2003,41.33,0.2869,-0.0232,-0.3328,1642
5247,2003186,1302858.0,186,Koramangala,2003,40.47,0.358,-0.065,-0.3964,3583
4887,2003006,1303144.0,6,Kogilu,2003,43.19,0.2929,0.0109,-0.366,18072
5215,2003170,1302842.0,170,Azad Nagar,2003,42.76,0.2612,0.01,-0.3036,755
5206,2003165,1302837.0,165,Chamrajapet,2003,42.86,0.2675,0.0075,-0.3125,1722
5067,2003096,1302768.0,96,Kadugondanahalli,2003,43.71,0.2323,0.0413,-0.2924,1454
5095,2003110,1302782.0,110,Whitefield,2003,42.71,0.2993,-0.0023,-0.3602,12206
4935,2003030,1302702.0,30,Herohalli,2003,42.68,0.2758,0.0099,-0.3291,3217
4931,2003028,1302700.0,28,Dodda Bidarakallu,2003,42.19,0.2393,0.0526,-0.3195,3029
6954,2003219,,219,Vasanthpura,2003,42.34,0.3027,-0.0187,-0.3539,3848
6955,2003232,,232,HSR - Singasandra,2003,43.53,0.2375,0.0269,-0.2946,3627
5107,2003116,1302788.0,116,Doddakanahalli,2003,42.02,0.2964,-0.0118,-0.3493,13986
5194,2003159,1302831.0,159,Hampi Nagar,2003,41.09,0.2997,-0.0365,-0.3382,1331
5191,2003158,1302830.0,158,Hosahalli,2003,41.86,0.2409,0.0004,-0.2901,797
5203,2003164,1302836.0,164,Avalahalli,2003,43.11,0.2434,0.0287,-0.2851,1184
5199,2003162,1302834.0,162,Gali Anjenaya Temple ward,2003,42.89,0.2707,0.0107,-0.3101,1300
5202,2003163,1302835.0,163,Veerabhadranagar,2003,43.66,0.261,0.0227,-0.3169,1651
5219,2003172,1302844.0,172,Dharmaraya Swamy Temple Ward,2003,43.2,0.2358,0.0315,-0.2809,1508
5218,2003171,1302843.0,171,Sudham Nagara,2003,43.45,0.2335,0.0348,-0.2793,1185
5235,2003180,1302852.0,180,Agaram,2003,41.28,0.416,-0.041,-0.4559,11381
5094,2003109,1302781.0,109,AECS Layout,2003,42.17,0.2468,0.0016,-0.3064,2668
5091,2003108,1302780.0,108,Dodda Nekkundi,2003,42.23,0.2947,-0.0151,-0.3442,6332
5083,2003104,1302776.0,104,Kadugodi,2003,43.42,0.3281,-0.0106,-0.3952,5964
5086,2003105,1302777.0,105,Belathur,2003,44.1,0.2843,0.0219,-0.357,16063
6956,2003235,,235,Bommanahalli,2003,42.87,0.2069,0.044,-0.2644,1083
6957,2003234,,234,Hongasandra,2003,43.3,0.1871,0.0527,-0.2472,728
6958,2003233,,233,Rupenaagrahara,2003,43.7,0.2361,0.0389,-0.2979,3270
6959,2003237,,237,Bilekhalli,2003,39.16,0.3796,-0.127,-0.387,3115
6960,2003240,,240,Vinayakanagar,2003,41.15,0.3007,-0.0246,-0.3426,2756
6961,2003209,,209,Hosakerehalli,2003,41.87,0.2395,0.0056,-0.2931,991
6962,2003207,,207,Kamakya Nagar,2003,42.42,0.228,0.0027,-0.2841,864
6963,2003208,,208,Deen Dayalu Ward,2003,41.49,0.2404,-0.0026,-0.2922,878
5066,2003095,1302767.0,95,Nagavara,2003,44.17,0.1894,0.0651,-0.257,1065
4907,2003016,1303154.0,16,Kammagondanahalli,2003,40.56,0.2789,0.0333,-0.3584,3091
5127,2003126,1302798.0,126,Ramaswamy Palya,2003,40.73,0.2983,-0.0239,-0.3477,1064
5130,2003127,1302799.0,127,Jayamahal,2003,40.67,0.3629,-0.0532,-0.3933,1511
5131,2003128,1302800.0,128,Vasanth Nagar,2003,39.95,0.4072,-0.0936,-0.4293,4840
5255,2003190,1302862.0,190,Madivala,2003,41.74,0.2576,0.0009,-0.2995,1139
5259,2003192,1302864.0,192,BTM Layout,2003,41.21,0.2726,-0.0177,-0.3216,1636
5262,2003193,1302865.0,193,N S Palya,2003,41.59,0.2615,-0.0055,-0.3123,1517
5007,2003066,1302738.0,66,Radhakrishna Temple Ward,2003,40.13,0.3376,-0.0539,-0.3842,2166
5010,2003067,1302739.0,67,Sanjaya Nagar,2003,41.81,0.3522,-0.0313,-0.4045,3450
5011,2003068,1302740.0,68,Vishwanath Nagenahalli,2003,43.08,0.2154,0.0353,-0.2851,1124
5015,2003070,1302742.0,70,Hebbala,2003,41.9,0.2836,-0.0093,-0.3384,1468
5019,2003072,1302744.0,72,Ganga Nagar,2003,41.34,0.2576,0.0064,-0.3131,981
5022,2003073,1302745.0,73,Jayachamarajendra  Nagar,2003,40.28,0.3821,-0.0757,-0.4127,1681
5014,2003069,1302741.0,69,Manorayanapalya,2003,42.09,0.2097,0.0289,-0.2753,906
4906,2003015,1303153.0,15,Kuvempunagar,2003,38.51,0.4084,-0.0641,-0.4471,5059
4902,2003013,1303151.0,13,Dodda Bommasandra,2003,40.33,0.4075,-0.0753,-0.4389,4445
4898,2003011,1303149.0,11,Byatarayanapura,2003,41.68,0.3782,-0.0307,-0.4392,10917
4903,2003014,1303152.0,14,Vidyaranyapura,2003,38.98,0.3191,-0.0541,-0.3732,2457
4911,2003018,1303156.0,18,Bagalakunte,2003,38.51,0.2639,0.0072,-0.3299,770
5098,2003111,1302783.0,111,Hagadur,2003,43.12,0.3158,-0.0036,-0.3836,7399
5099,2003112,1302784.0,112,Varthuru,2003,43.93,0.3076,0.0178,-0.3808,24448
5102,2003113,1302785.0,113,Munnekollala,2003,44.52,0.239,0.0578,-0.322,10453
6964,2003199,,199,Sarakki,2003,41.28,0.29,-0.0236,-0.3377,1711
5271,2003198,1302870.0,198,J P Nagar,2003,41.31,0.294,-0.0297,-0.3409,2160
5038,2003081,1302753.0,81,Horamavu,2003,42.66,0.3184,-0.016,-0.3767,13206
5039,2003082,1302754.0,82,Babusab Palya,2003,42.23,0.2475,0.0113,-0.3085,3004
5042,2003083,1302755.0,83,Kalkere,2003,43.94,0.2339,0.0375,-0.3055,8896
5050,2003087,1302759.0,87,Medahalli,2003,43.67,0.2366,0.0264,-0.3065,3645
5043,2003084,1302756.0,84,Ramamurthy Nagara,2003,42.75,0.2183,0.0234,-0.285,2224
5046,2003085,1302757.0,85,Vijinapura,2003,42.96,0.2364,0.0234,-0.2975,1645
5047,2003086,1302758.0,86,K R Puram,2003,41.86,0.3394,-0.0514,-0.3732,4918
5051,2003088,1302760.0,88,Basavanapura,2003,42.84,0.2677,-0.0103,-0.3264,5562
5054,2003089,1302761.0,89,Devasandra,2003,42.62,0.3074,-0.0067,-0.3515,3146
5058,2003091,1302763.0,91,A Narayanapura,2003,43.01,0.2227,0.0183,-0.2815,1842
5055,2003090,1302762.0,90,Mahadevapura,2003,42.33,0.2674,-0.0028,-0.3236,4072
5059,2003092,1302764.0,92,Vijnana Nagar,2003,42.24,0.2911,-0.0028,-0.3472,2264
6965,2003227,,227,Begur,2003,43.91,0.2733,0.0138,-0.3343,7912
6966,2003226,,226,Kalena Agrahara,2003,43.44,0.323,0.0098,-0.3789,11484
6967,2003217,,217,Uttarahalli,2003,42.83,0.2351,0.0085,-0.2962,1477
6968,2003206,,206,Padmanabha Nagar,2003,41.92,0.2736,-0.018,-0.3249,1487
6969,2003202,,202,Ganesh Mandir ward,2003,40.92,0.3131,-0.0551,-0.3566,1841
6970,2003203,,203,Banashankari Temple ward,2003,41.95,0.2682,0.0152,-0.3104,644
5167,2003146,1302818.0,146,Dr. Raj Kumar Ward,2003,42.55,0.2793,-0.0049,-0.3184,1468
5170,2003147,1302819.0,147,Agrahara Dasarahalli,2003,42.05,0.251,-0.0044,-0.2996,762
5174,2003149,1302821.0,149,Kaveripura,2003,44.4,0.2322,0.0547,-0.2912,1239
5171,2003148,1302820.0,148,Govindaraja Nagar,2003,41.41,0.2658,-0.0193,-0.3121,907
5175,2003150,1302822.0,150,Marenahalli,2003,41.44,0.2367,-0.0025,-0.2884,947
5178,2003151,1302823.0,151,Maruthi Mandir ward,2003,41.47,0.2629,-0.0241,-0.3121,892
5179,2003152,1302824.0,152,Mudalapalya,2003,42.16,0.2184,0.0166,-0.2707,707
5182,2003153,1302825.0,153,Nagarabhavi,2003,41.39,0.3268,-0.0415,-0.3661,1576
5183,2003154,1302826.0,154,Chandra Layout,2003,42.08,0.3328,-0.024,-0.3759,1777
5186,2003155,1302827.0,155,Nayandahalli,2003,43.21,0.2746,0.0074,-0.317,1199
4914,2003019,1303157.0,19,Defence Colony,2003,39.46,0.2376,0.0257,-0.3027,1121
4946,2003035,1302707.0,35,Hemmigepura,2003,43.35,0.3757,0.0126,-0.4341,36565
5239,2003182,1302854.0,182,Shanthi Nagar,2003,41.72,0.3187,-0.0315,-0.3556,1394
5242,2003183,1302855.0,183,Neelasandra,2003,41.03,0.3783,-0.0597,-0.4158,2081
5243,2003184,1302856.0,184,Vannarapete,2003,40.94,0.3188,-0.0249,-0.3671,743
4934,2003029,1302701.0,29,Vidyamanyanagar,2003,42.82,0.2542,0.0383,-0.3268,5547
